time,open,high,low,close
2025-12-15T23:00:00+09:00,4332.075,4336.835,4328.385,4329.055
2025-12-15T23:15:00+09:00,4329.09,4332.56,4321.545,4325.28
2025-12-15T23:30:00+09:00,4325.23,4335.195,4320.705,4328.355
2025-12-15T23:45:00+09:00,4328.39,4331.56,4317.515,4323.765
2025-12-16T00:00:00+09:00,4323.695,4327.33,4312.535,4322.87
2025-12-16T00:15:00+09:00,4322.875,4327.71,4311.63,4314.26
2025-12-16T00:30:00+09:00,4314.295,4324.83,4313.15,4323.75
2025-12-16T00:45:00+09:00,4323.785,4327.935,4317.065,4318.375
2025-12-16T01:00:00+09:00,4318.385,4319.02,4301.055,4303.875
2025-12-16T01:15:00+09:00,4302.445,4305.875,4293.135,4296.25
2025-12-16T01:30:00+09:00,4296.245,4299.99,4285.515,4296.695
2025-12-16T01:45:00+09:00,4296.725,4299.95,4292.655,4297.815
2025-12-16T02:00:00+09:00,4297.795,4300.305,4291.08,4297.165
2025-12-16T02:15:00+09:00,4297.17,4303.87,4293.385,4302.15
2025-12-16T02:30:00+09:00,4302.195,4305.425,4300.515,4304.285
2025-12-16T02:45:00+09:00,4304.25,4306.825,4302.04,4304.425
2025-12-16T03:00:00+09:00,4304.53,4305.34,4301.415,4302.9
2025-12-16T03:15:00+09:00,4302.93,4306.735,4300.06,4305.87
2025-12-16T03:30:00+09:00,4305.835,4310.245,4302.785,4309.855
2025-12-16T03:45:00+09:00,4309.895,4313.61,4307.92,4313.085
2025-12-16T04:00:00+09:00,4313.085,4317.81,4312.07,4312.64
2025-12-16T04:15:00+09:00,4312.555,4314.55,4309.135,4309.315
2025-12-16T04:30:00+09:00,4309.155,4312.325,4307.92,4311.325
2025-12-16T04:45:00+09:00,4311.3,4314.59,4310.12,4314.285
2025-12-16T05:00:00+09:00,4314.21,4314.385,4311.475,4311.585
2025-12-16T05:15:00+09:00,4311.695,4311.695,4299.725,4305.305
2025-12-16T05:30:00+09:00,4305.31,4307.855,4300.665,4305.98
2025-12-16T05:45:00+09:00,4305.965,4307.835,4304.215,4304.625
2025-12-16T06:00:00+09:00,4304.63,4305.755,4300.825,4304.56
2025-12-16T06:15:00+09:00,4304.6,4305.19,4302.855,4303.64
2025-12-16T06:30:00+09:00,4303.635,4304.585,4301.265,4302.125
2025-12-16T06:45:00+09:00,4302.135,4305.84,4302.09,4304.91
2025-12-16T08:00:00+09:00,4307.67,4308.2,4305.265,4306.065
2025-12-16T08:15:00+09:00,4306.095,4309.77,4306.045,4307.595
2025-12-16T08:30:00+09:00,4307.75,4308.56,4305.97,4306.9
2025-12-16T08:45:00+09:00,4306.84,4308.235,4303.565,4304.445
2025-12-16T09:00:00+09:00,4304.435,4309.19,4303.04,4307.4
2025-12-16T09:15:00+09:00,4307.41,4310.395,4304.55,4309.73
2025-12-16T09:30:00+09:00,4309.9,4313.515,4307.905,4311.94
2025-12-16T09:45:00+09:00,4311.89,4312.175,4305.94,4308.045
2025-12-16T10:00:00+09:00,4308.055,4308.69,4299.355,4304.07
2025-12-16T10:15:00+09:00,4303.98,4312.205,4303.935,4311.62
2025-12-16T10:30:00+09:00,4311.68,4318.035,4311.32,4314.745
2025-12-16T10:45:00+09:00,4314.63,4316.205,4304.635,4308.79
2025-12-16T11:00:00+09:00,4308.68,4312.07,4305.65,4310.795
2025-12-16T11:15:00+09:00,4310.845,4312.3,4307.64,4310.975
2025-12-16T11:30:00+09:00,4311.035,4312.18,4305.755,4309.51
2025-12-16T11:45:00+09:00,4309.505,4309.88,4286.605,4289.71
2025-12-16T12:00:00+09:00,4289.745,4294.675,4280.975,4282.61
2025-12-16T12:15:00+09:00,4282.66,4288.46,4280.62,4287.865
2025-12-16T12:30:00+09:00,4287.91,4289.185,4283.06,4285.255
2025-12-16T12:45:00+09:00,4285.21,4291.73,4282.95,4291.005
2025-12-16T13:00:00+09:00,4290.98,4292.385,4286.825,4287.99
2025-12-16T13:15:00+09:00,4287.935,4290.845,4286.85,4288.36
2025-12-16T13:30:00+09:00,4288.415,4291.9,4288.345,4289.7
2025-12-16T13:45:00+09:00,4289.65,4290.75,4287.655,4289.22
2025-12-16T14:00:00+09:00,4289.225,4292.405,4285.815,4286.345
2025-12-16T14:15:00+09:00,4286.395,4286.57,4279.9,4280.825
2025-12-16T14:30:00+09:00,4280.745,4281.2,4271.575,4279.635
2025-12-16T14:45:00+09:00,4279.64,4287.825,4279.5,4284.185
2025-12-16T15:00:00+09:00,4284.22,4288.605,4282.595,4286.645
2025-12-16T15:15:00+09:00,4286.57,4290.085,4285.22,4287.015
2025-12-16T15:30:00+09:00,4286.965,4292.325,4286.09,4291.33
2025-12-16T15:45:00+09:00,4291.375,4292.345,4287.505,4289.41
2025-12-16T16:00:00+09:00,4289.44,4290.13,4285.05,4286.215
2025-12-16T16:15:00+09:00,4286.265,4286.74,4279.63,4281.2
2025-12-16T16:30:00+09:00,4281.16,4288.52,4280.06,4284.175
2025-12-16T16:45:00+09:00,4284.155,4288.375,4283.315,4287.655
2025-12-16T17:00:00+09:00,4287.635,4289.445,4280.43,4281.575
2025-12-16T17:15:00+09:00,4281.705,4281.705,4275.64,4279.115
2025-12-16T17:30:00+09:00,4278.805,4283.465,4275.275,4283.275
2025-12-16T17:45:00+09:00,4283.075,4286.98,4282.845,4284.705
2025-12-16T18:00:00+09:00,4284.685,4285.93,4281.245,4285.025
2025-12-16T18:15:00+09:00,4285,4285,4281.565,4281.875
2025-12-16T18:30:00+09:00,4281.865,4283.88,4279.845,4282.825
2025-12-16T18:45:00+09:00,4282.765,4282.765,4276.575,4280.495
2025-12-16T19:00:00+09:00,4280.545,4284.44,4276.865,4277.995
2025-12-16T19:15:00+09:00,4277.935,4282.05,4276.8,4277.73
2025-12-16T19:30:00+09:00,4277.72,4279.25,4274.7,4279.155
2025-12-16T19:45:00+09:00,4279.165,4281.66,4275.58,4277.45
2025-12-16T20:00:00+09:00,4277.4,4278.665,4274.23,4276.21
2025-12-16T20:15:00+09:00,4276.2,4278.08,4273.885,4277.675
2025-12-16T20:30:00+09:00,4277.705,4279.765,4275.595,4276.51
2025-12-16T20:45:00+09:00,4276.405,4279.11,4276.255,4278.69
2025-12-16T21:00:00+09:00,4278.635,4288.845,4276.94,4287.865
2025-12-16T21:15:00+09:00,4287.915,4292.97,4287.8,4291.625
2025-12-16T21:30:00+09:00,4291.665,4293.715,4287.8,4293.475
2025-12-16T21:45:00+09:00,4293.5,4294.995,4292.145,4294.535
2025-12-16T22:00:00+09:00,4294.565,4297.805,4291,4296.01
2025-12-16T22:15:00+09:00,4296.02,4302.04,4293.555,4301.415
2025-12-16T22:30:00+09:00,4301.565,4312.695,4301.445,4304.34
2025-12-16T22:45:00+09:00,4304.365,4313.27,4299.94,4313.015
2025-12-16T23:00:00+09:00,4313.04,4320.51,4311.43,4319.5
2025-12-16T23:15:00+09:00,4319.48,4330.575,4318.19,4325.665
2025-12-16T23:30:00+09:00,4325.675,4331.955,4321.91,4326.385
2025-12-16T23:45:00+09:00,4327.085,4332.205,4323.12,4324.48
2025-12-17T00:00:00+09:00,4324.445,4335.185,4320.805,4324.015
2025-12-17T00:15:00+09:00,4324.095,4326.05,4312.56,4321.23
2025-12-17T00:30:00+09:00,4321.225,4330.155,4319.84,4322.015
2025-12-17T00:45:00+09:00,4322.06,4329.61,4319.3,4319.865
2025-12-17T01:00:00+09:00,4319.805,4323.39,4312.91,4315.6
2025-12-17T01:15:00+09:00,4315.545,4315.545,4303.795,4307.785
2025-12-17T01:30:00+09:00,4307.77,4307.785,4291.41,4294.895
2025-12-17T01:45:00+09:00,4294.83,4303.115,4293.63,4300.675
2025-12-17T02:00:00+09:00,4300.66,4311.07,4300.645,4304.485
2025-12-17T02:15:00+09:00,4304.515,4306.505,4300.355,4303.065
2025-12-17T02:30:00+09:00,4303.11,4308.975,4302.415,4306.105
2025-12-17T02:45:00+09:00,4306.175,4306.565,4300.56,4303.725
2025-12-17T03:00:00+09:00,4303.83,4306.025,4299.655,4303.165
2025-12-17T03:15:00+09:00,4303.16,4304.185,4298.285,4301.96
2025-12-17T03:30:00+09:00,4301.74,4310.855,4301.33,4308.775
2025-12-17T03:45:00+09:00,4308.83,4313.475,4308.085,4311.37
2025-12-17T04:00:00+09:00,4311.44,4311.755,4303.91,4305.875
2025-12-17T04:15:00+09:00,4305.785,4310,4296.81,4305.64
2025-12-17T04:30:00+09:00,4305.665,4310.065,4304.705,4309.615
2025-12-17T04:45:00+09:00,4309.65,4315.92,4309.145,4310.655
2025-12-17T05:00:00+09:00,4310.65,4314.475,4310.185,4312.07
2025-12-17T05:15:00+09:00,4312.105,4312.105,4308,4310.865
2025-12-17T05:30:00+09:00,4310.87,4311.755,4307.82,4309.17
2025-12-17T05:45:00+09:00,4309.245,4312.2,4302.66,4304.615
2025-12-17T06:00:00+09:00,4304.645,4305.53,4300.875,4302.32
2025-12-17T06:15:00+09:00,4302.38,4302.795,4300.61,4302.245
2025-12-17T06:30:00+09:00,4302.25,4304.945,4301.115,4302.91
2025-12-17T06:45:00+09:00,4302.81,4304.06,4301.775,4302.225
2025-12-17T08:00:00+09:00,4303.6,4304.845,4302.405,4304.645
2025-12-17T08:15:00+09:00,4304.555,4307.275,4304.36,4306.81
2025-12-17T08:30:00+09:00,4306.765,4308.74,4305.62,4307.73
2025-12-17T08:45:00+09:00,4307.655,4309.215,4307.15,4308.11
2025-12-17T09:00:00+09:00,4308.1,4313.175,4307.6,4312.415
2025-12-17T09:15:00+09:00,4312.48,4315.435,4311.785,4313.385
2025-12-17T09:30:00+09:00,4313.385,4314.595,4311.285,4312.63
2025-12-17T09:45:00+09:00,4312.605,4314.52,4311.79,4313.195
2025-12-17T10:00:00+09:00,4313.205,4320.265,4311.445,4317.865
2025-12-17T10:15:00+09:00,4317.85,4319.55,4313.18,4317.065
2025-12-17T10:30:00+09:00,4317.125,4325.535,4316.17,4323.235
2025-12-17T10:45:00+09:00,4323.09,4326.78,4321.97,4326.635
2025-12-17T11:00:00+09:00,4326.69,4327.835,4318.31,4320.305
2025-12-17T11:15:00+09:00,4320.29,4323.69,4319.505,4320.57
2025-12-17T11:30:00+09:00,4320.555,4323.045,4314.045,4316.54
2025-12-17T11:45:00+09:00,4316.555,4316.9,4311.145,4314.365
2025-12-17T12:00:00+09:00,4314.38,4320.265,4312.64,4315.5
2025-12-17T12:15:00+09:00,4315.44,4319.585,4314.555,4318.78
2025-12-17T12:30:00+09:00,4318.61,4323.78,4318.375,4321.6
2025-12-17T12:45:00+09:00,4321.56,4325.215,4321.32,4323.84
2025-12-17T13:00:00+09:00,4323.955,4326.015,4321.28,4324.46
2025-12-17T13:15:00+09:00,4324.505,4325.08,4322.19,4322.74
2025-12-17T13:30:00+09:00,4322.735,4330.03,4320.56,4329.625
2025-12-17T13:45:00+09:00,4329.64,4331.65,4328.495,4329.8
2025-12-17T14:00:00+09:00,4329.785,4334.535,4328.095,4332.405
2025-12-17T14:15:00+09:00,4332.39,4337.975,4330.53,4331.055
2025-12-17T14:30:00+09:00,4331.05,4340.28,4331.05,4338.33
2025-12-17T14:45:00+09:00,4338.39,4342.58,4333.61,4333.9
2025-12-17T15:00:00+09:00,4333.88,4337.64,4331.605,4336.675
2025-12-17T15:15:00+09:00,4336.67,4336.955,4330.58,4332.435
2025-12-17T15:30:00+09:00,4332.43,4333.145,4327.08,4329.28
2025-12-17T15:45:00+09:00,4329.09,4330.73,4324.7,4328.72
2025-12-17T16:00:00+09:00,4328.685,4328.685,4322.49,4325.115
2025-12-17T16:15:00+09:00,4325.345,4325.73,4319.505,4323.035
2025-12-17T16:30:00+09:00,4323.095,4324.625,4316.24,4316.255
2025-12-17T16:45:00+09:00,4316.2,4319.225,4315.68,4317.835
2025-12-17T17:00:00+09:00,4317.785,4320.845,4308.44,4313.77
2025-12-17T17:15:00+09:00,4313.84,4317.93,4312.555,4316.285
2025-12-17T17:30:00+09:00,4316.225,4319.885,4314.79,4315.32
2025-12-17T17:45:00+09:00,4315.3,4320.915,4313.22,4319.385
2025-12-17T18:00:00+09:00,4319.3,4323.45,4317.87,4321.145
2025-12-17T18:15:00+09:00,4321.055,4322.725,4317.12,4322.41
2025-12-17T18:30:00+09:00,4322.375,4322.375,4318.865,4319.02
2025-12-17T18:45:00+09:00,4319.035,4322.175,4315.88,4317.015
2025-12-17T19:00:00+09:00,4316.895,4319.695,4316.255,4319.68
2025-12-17T19:15:00+09:00,4319.675,4322.315,4318.165,4319.905
2025-12-17T19:30:00+09:00,4319.865,4320.16,4306.515,4315.26
2025-12-17T19:45:00+09:00,4315.245,4318.13,4313.46,4317.805
2025-12-17T20:00:00+09:00,4317.875,4319.72,4316.75,4317.825
2025-12-17T20:15:00+09:00,4317.875,4320.465,4315.82,4318.2
2025-12-17T20:30:00+09:00,4318.16,4318.995,4315.06,4316.455
2025-12-17T20:45:00+09:00,4316.43,4318.885,4315.465,4316.345
2025-12-17T21:00:00+09:00,4316.33,4318.395,4314.99,4316.595
2025-12-17T21:15:00+09:00,4316.61,4323.24,4316.075,4321.29
2025-12-17T21:30:00+09:00,4321.345,4322.3,4316.36,4317.47
2025-12-17T21:45:00+09:00,4317.465,4318.35,4315.815,4317.57
2025-12-17T22:00:00+09:00,4317.615,4328.175,4315.085,4323.29
2025-12-17T22:15:00+09:00,4323.2,4331.755,4323.045,4328.09
2025-12-17T22:30:00+09:00,4328.105,4339.5,4328.105,4338.42
2025-12-17T22:45:00+09:00,4338.445,4344.26,4333.16,4342.145
2025-12-17T23:00:00+09:00,4342.125,4346.09,4327.11,4327.695
2025-12-17T23:15:00+09:00,4327.53,4331.4,4323.14,4329.07
2025-12-17T23:30:00+09:00,4329.09,4338.705,4325.72,4338.425
2025-12-17T23:45:00+09:00,4338.395,4342.705,4334.68,4338.245
2025-12-18T00:00:00+09:00,4338.22,4345.315,4334.98,4343.04
2025-12-18T00:15:00+09:00,4343.03,4344.915,4333.075,4343.68
2025-12-18T00:30:00+09:00,4343.685,4349.28,4328.44,4332.255
2025-12-18T00:45:00+09:00,4332.15,4336.725,4324.34,4330.485
2025-12-18T01:00:00+09:00,4330.575,4334.945,4324.58,4327.59
2025-12-18T01:15:00+09:00,4327.435,4332.06,4320.325,4326.855
2025-12-18T01:30:00+09:00,4326.89,4334.335,4323.845,4333.625
2025-12-18T01:45:00+09:00,4333.605,4337.66,4330.865,4333.68
2025-12-18T02:00:00+09:00,4333.675,4335.445,4328.77,4332.775
2025-12-18T02:15:00+09:00,4332.69,4340.04,4330.27,4337.16
2025-12-18T02:30:00+09:00,4337.21,4341.685,4336.26,4338.88
2025-12-18T02:45:00+09:00,4338.99,4342.595,4335.74,4342.58
2025-12-18T03:00:00+09:00,4342.585,4346.61,4342.575,4343.21
2025-12-18T03:15:00+09:00,4343.235,4343.34,4338.37,4341.695
2025-12-18T03:30:00+09:00,4341.645,4344.005,4330.305,4332.355
2025-12-18T03:45:00+09:00,4332.37,4336.39,4328.82,4336.25
2025-12-18T04:00:00+09:00,4336.13,4338.08,4333.355,4337.13
2025-12-18T04:15:00+09:00,4337.125,4340.715,4335.93,4339.88
2025-12-18T04:30:00+09:00,4339.83,4341.2,4334.47,4335.305
2025-12-18T04:45:00+09:00,4335.365,4337.425,4330.45,4337.265
2025-12-18T05:00:00+09:00,4337.28,4339.825,4335.425,4339.365
2025-12-18T05:15:00+09:00,4339.34,4342.66,4339.22,4341.41
2025-12-18T05:30:00+09:00,4341.415,4342.885,4338.585,4341.97
2025-12-18T05:45:00+09:00,4341.965,4346.145,4339.655,4341.49
2025-12-18T06:00:00+09:00,4341.545,4345.855,4340.57,4343.77
2025-12-18T06:15:00+09:00,4343.73,4346.41,4343.35,4344.115
2025-12-18T06:30:00+09:00,4344.115,4344.695,4339.785,4339.855
2025-12-18T06:45:00+09:00,4339.84,4341.99,4337.5,4337.83
2025-12-18T08:00:00+09:00,4338.89,4339.49,4335.535,4336.025
2025-12-18T08:15:00+09:00,4336.085,4339.415,4335.675,4338.025
2025-12-18T08:30:00+09:00,4338.07,4340.385,4337.165,4338.92
2025-12-18T08:45:00+09:00,4338.985,4343.095,4338.625,4339.055
2025-12-18T09:00:00+09:00,4338.985,4341.08,4336.725,4338.415
2025-12-18T09:15:00+09:00,4338.455,4343.03,4337.26,4337.735
2025-12-18T09:30:00+09:00,4337.75,4340.61,4336.76,4336.8
2025-12-18T09:45:00+09:00,4336.825,4337.325,4333.34,4334.985
2025-12-18T10:00:00+09:00,4335.06,4337.245,4328.49,4329.93
2025-12-18T10:15:00+09:00,4329.98,4331.955,4324.76,4324.825
2025-12-18T10:30:00+09:00,4324.82,4328.5,4324.02,4326.77
2025-12-18T10:45:00+09:00,4326.83,4332.04,4324.775,4331.745
2025-12-18T11:00:00+09:00,4331.78,4335.395,4330.285,4331.045
2025-12-18T11:15:00+09:00,4331.095,4336.53,4330.01,4334.61
2025-12-18T11:30:00+09:00,4334.7,4337.985,4334.155,4334.225
2025-12-18T11:45:00+09:00,4334.215,4334.47,4330.92,4333.365
2025-12-18T12:00:00+09:00,4333.345,4336.11,4331.05,4335.96
2025-12-18T12:15:00+09:00,4335.955,4336.94,4332.045,4333.295
2025-12-18T12:30:00+09:00,4333.215,4335.545,4332.275,4332.295
2025-12-18T12:45:00+09:00,4332.26,4333.765,4331.2,4333.34
2025-12-18T13:00:00+09:00,4333.28,4333.59,4329.62,4330.565
2025-12-18T13:15:00+09:00,4330.605,4332.335,4329.195,4330.615
2025-12-18T13:30:00+09:00,4330.42,4331.93,4328.69,4329.725
2025-12-18T13:45:00+09:00,4329.68,4332.585,4329.54,4331.845
2025-12-18T14:00:00+09:00,4331.69,4337.225,4331.065,4337.14
2025-12-18T14:15:00+09:00,4337.18,4337.465,4334.97,4335.855
2025-12-18T14:30:00+09:00,4335.78,4337.265,4332.775,4336.81
2025-12-18T14:45:00+09:00,4336.825,4336.925,4332.26,4333.32
2025-12-18T15:00:00+09:00,4333.27,4335.67,4330.68,4334.605
2025-12-18T15:15:00+09:00,4334.58,4335.585,4331.925,4333.7
2025-12-18T15:30:00+09:00,4333.75,4336.185,4333.28,4333.675
2025-12-18T15:45:00+09:00,4333.765,4335.005,4331.98,4334.01
2025-12-18T16:00:00+09:00,4334.04,4334.99,4330.075,4330.875
2025-12-18T16:15:00+09:00,4330.91,4335.225,4330.46,4334.99
2025-12-18T16:30:00+09:00,4334.99,4337.785,4332.935,4333.505
2025-12-18T16:45:00+09:00,4333.615,4334.23,4331.475,4331.495
2025-12-18T17:00:00+09:00,4331.375,4332.59,4324.96,4328.57
2025-12-18T17:15:00+09:00,4328.565,4329.85,4325.96,4327.185
2025-12-18T17:30:00+09:00,4327.215,4329.075,4325.24,4328.6
2025-12-18T17:45:00+09:00,4328.63,4328.94,4321.805,4326.645
2025-12-18T18:00:00+09:00,4326.48,4328.63,4324.755,4326.315
2025-12-18T18:15:00+09:00,4326.35,4328.225,4323.67,4324.815
2025-12-18T18:30:00+09:00,4324.81,4327.035,4321.06,4324.56
2025-12-18T18:45:00+09:00,4324.535,4324.63,4320.655,4323.64
2025-12-18T19:00:00+09:00,4323.615,4326.055,4323.075,4324.86
2025-12-18T19:15:00+09:00,4324.915,4325.685,4323.26,4323.885
2025-12-18T19:30:00+09:00,4323.855,4327.56,4322.02,4326.98
2025-12-18T19:45:00+09:00,4326.995,4327.615,4324.185,4325.54
2025-12-18T20:00:00+09:00,4325.52,4328.825,4324.47,4327.27
2025-12-18T20:15:00+09:00,4327.28,4328.48,4325.49,4325.835
2025-12-18T20:30:00+09:00,4325.76,4327.23,4325.37,4326.645
2025-12-18T20:45:00+09:00,4326.615,4326.92,4324.76,4325.735
2025-12-18T21:00:00+09:00,4325.685,4326.715,4321.68,4324.11
2025-12-18T21:15:00+09:00,4324.045,4324.475,4317.285,4319.515
2025-12-18T21:30:00+09:00,4319.51,4323.635,4318.655,4322.755
2025-12-18T21:45:00+09:00,4322.76,4322.87,4320.32,4320.94
2025-12-18T22:00:00+09:00,4320.925,4324.3,4314.68,4316.555
2025-12-18T22:15:00+09:00,4316.475,4324.095,4315.935,4321.61
2025-12-18T22:30:00+09:00,4321.585,4338.595,4321.36,4336.575
2025-12-18T22:45:00+09:00,4336.655,4343.185,4335.155,4336.65
2025-12-18T23:00:00+09:00,4336.635,4341.485,4333.07,4336.41
2025-12-18T23:15:00+09:00,4336.535,4338.905,4332.55,4332.795
2025-12-18T23:30:00+09:00,4332.82,4341.285,4311.65,4314.355
2025-12-18T23:45:00+09:00,4314.38,4330.245,4308.67,4328.625
2025-12-19T00:00:00+09:00,4328.58,4337.185,4326.65,4330.83
2025-12-19T00:15:00+09:00,4330.935,4334.405,4325.06,4333.04
2025-12-19T00:30:00+09:00,4333.035,4341.77,4331.26,4337.555
2025-12-19T00:45:00+09:00,4337.55,4341.53,4334.4,4338.395
2025-12-19T01:00:00+09:00,4338.42,4368.115,4337.74,4362.145
2025-12-19T01:15:00+09:00,4362.135,4374.655,4361.93,4367.41
2025-12-19T01:30:00+09:00,4367.475,4371.87,4363.455,4367.07
2025-12-19T01:45:00+09:00,4367.08,4369.68,4356.36,4360.415
2025-12-19T02:00:00+09:00,4360.42,4363.415,4322.55,4328.325
2025-12-19T02:15:00+09:00,4328.33,4332.785,4322.145,4328.03
2025-12-19T02:30:00+09:00,4328.045,4341.71,4326.425,4337.455
2025-12-19T02:45:00+09:00,4337.43,4338.385,4325.105,4333.565
2025-12-19T03:00:00+09:00,4333.575,4341.08,4331.755,4339.55
2025-12-19T03:15:00+09:00,4339.595,4341.455,4331.94,4332.285
2025-12-19T03:30:00+09:00,4332.34,4340.425,4332.03,4333.895
2025-12-19T03:45:00+09:00,4333.86,4334.5,4325.905,4331.955
2025-12-19T04:00:00+09:00,4331.925,4333.115,4326.665,4329.485
2025-12-19T04:15:00+09:00,4329.615,4334.51,4328.805,4333.9
2025-12-19T04:30:00+09:00,4333.91,4335.09,4327.785,4329.76
2025-12-19T04:45:00+09:00,4329.75,4330.84,4322.755,4325.18
2025-12-19T05:00:00+09:00,4325.18,4335.98,4324.67,4333.735
2025-12-19T05:15:00+09:00,4333.765,4334.095,4328.27,4332.53
2025-12-19T05:30:00+09:00,4332.52,4338.545,4331.155,4336.18
2025-12-19T05:45:00+09:00,4336.245,4336.505,4332.41,4335
2025-12-19T06:00:00+09:00,4334.995,4334.995,4331.425,4332.815
2025-12-19T06:15:00+09:00,4332.845,4333.19,4330.8,4332.04
2025-12-19T06:30:00+09:00,4331.985,4332.74,4328.55,4330.83
2025-12-19T06:45:00+09:00,4330.865,4333.915,4330.865,4332.59
2025-12-19T08:00:00+09:00,4335.855,4336.42,4334.565,4334.66
2025-12-19T08:15:00+09:00,4334.725,4336.47,4333.945,4334.065
2025-12-19T08:30:00+09:00,4334.025,4335.6,4333.6,4334.075
2025-12-19T08:45:00+09:00,4334.08,4337.07,4333.785,4335.135
2025-12-19T09:00:00+09:00,4335.11,4335.835,4329.455,4330.055
2025-12-19T09:15:00+09:00,4330.05,4332.275,4328.135,4331.485
2025-12-19T09:30:00+09:00,4331.535,4332.63,4327.85,4328.475
2025-12-19T09:45:00+09:00,4328.41,4331.365,4325.97,4326.33
2025-12-19T10:00:00+09:00,4326.405,4327.775,4320.71,4325.96
2025-12-19T10:15:00+09:00,4325.98,4328.655,4309.62,4313.455
2025-12-19T10:30:00+09:00,4313.47,4319.205,4309.095,4317.53
2025-12-19T10:45:00+09:00,4317.64,4324.115,4316.87,4323.32
2025-12-19T11:00:00+09:00,4323.365,4328.1,4323.34,4324.28
2025-12-19T11:15:00+09:00,4324.285,4324.79,4321.75,4324.61
2025-12-19T11:30:00+09:00,4324.68,4326.055,4314.665,4316
2025-12-19T11:45:00+09:00,4316.005,4318.545,4314.175,4316.76
2025-12-19T12:00:00+09:00,4316.735,4317.97,4312.68,4316.38
2025-12-19T12:15:00+09:00,4316.4,4321.59,4313.005,4319.27
2025-12-19T12:30:00+09:00,4319.41,4322.55,4317.215,4319.815
2025-12-19T12:45:00+09:00,4319.75,4321.16,4317.585,4318.12
2025-12-19T13:00:00+09:00,4318.145,4320.005,4317.775,4319.115
2025-12-19T13:15:00+09:00,4319.165,4320.11,4317.05,4317.49
2025-12-19T13:30:00+09:00,4317.44,4321.76,4317.255,4320.63
2025-12-19T13:45:00+09:00,4320.655,4322.935,4319.72,4322.74
2025-12-19T14:00:00+09:00,4322.725,4323.86,4318.335,4318.615
2025-12-19T14:15:00+09:00,4318.6,4320.63,4317.46,4319.86
2025-12-19T14:30:00+09:00,4319.825,4326.845,4319.765,4325.21
2025-12-19T14:45:00+09:00,4325.285,4328.97,4324.9,4325.97
2025-12-19T15:00:00+09:00,4326.015,4327.56,4324.205,4327.155
2025-12-19T15:15:00+09:00,4327.26,4329.57,4326.535,4327.245
2025-12-19T15:30:00+09:00,4327.275,4328.3,4321.63,4324.4
2025-12-19T15:45:00+09:00,4324.3,4327.245,4322.555,4326.44
2025-12-19T16:00:00+09:00,4326.42,4328.415,4323.075,4327.225
2025-12-19T16:15:00+09:00,4327.21,4327.77,4323.305,4327.655
2025-12-19T16:30:00+09:00,4327.58,4329.665,4324.965,4325.025
2025-12-19T16:45:00+09:00,4325.02,4325.555,4321.5,4322.61
2025-12-19T17:00:00+09:00,4322.615,4324.91,4321.085,4322.96
2025-12-19T17:15:00+09:00,4322.825,4326.09,4322.345,4325.23
2025-12-19T17:30:00+09:00,4325.2,4330.975,4325.005,4327.925
2025-12-19T17:45:00+09:00,4327.84,4328.73,4325.835,4325.99
2025-12-19T18:00:00+09:00,4325.945,4327.625,4324.41,4327.005
2025-12-19T18:15:00+09:00,4327.02,4328.53,4326.06,4327.08
2025-12-19T18:30:00+09:00,4327.06,4331.09,4325.955,4330.66
2025-12-19T18:45:00+09:00,4330.685,4333.67,4327.385,4329.585
2025-12-19T19:00:00+09:00,4329.555,4331.915,4328.19,4330.22
2025-12-19T19:15:00+09:00,4330.235,4331.505,4327.1,4327.395
2025-12-19T19:30:00+09:00,4327.415,4327.87,4322.6,4327.24
2025-12-19T19:45:00+09:00,4327.23,4329.685,4326.69,4327.805
2025-12-19T20:00:00+09:00,4327.81,4329.14,4325.625,4326.58
2025-12-19T20:15:00+09:00,4326.5,4328.8,4325.815,4327.135
2025-12-19T20:30:00+09:00,4327.165,4327.97,4325.18,4327.405
2025-12-19T20:45:00+09:00,4327.44,4329.57,4326.735,4327.375
2025-12-19T21:00:00+09:00,4327.43,4327.61,4320.775,4324.1
2025-12-19T21:15:00+09:00,4324.065,4327.975,4323.36,4325.745
2025-12-19T21:30:00+09:00,4325.83,4328.955,4324.345,4326.055
2025-12-19T21:45:00+09:00,4326.06,4327.3,4323.36,4326.735
2025-12-19T22:00:00+09:00,4326.77,4334.815,4326.055,4330.23
2025-12-19T22:15:00+09:00,4330.315,4335.36,4327.595,4334.915
2025-12-19T22:30:00+09:00,4334.97,4335.705,4328.79,4329.635
2025-12-19T22:45:00+09:00,4329.625,4332.78,4327.335,4328.365
2025-12-19T23:00:00+09:00,4328.325,4334.265,4325.4,4328.105
2025-12-19T23:15:00+09:00,4328.115,4330.35,4325.48,4327.76
2025-12-19T23:30:00+09:00,4327.82,4337.93,4326.77,4334.82
2025-12-19T23:45:00+09:00,4334.815,4335.02,4319.83,4332.855
2025-12-20T00:00:00+09:00,4332.735,4345.515,4332.135,4341.635
2025-12-20T00:15:00+09:00,4341.74,4346.735,4335.17,4337.615
2025-12-20T00:30:00+09:00,4337.62,4344.88,4336.54,4339.94
2025-12-20T00:45:00+09:00,4339.91,4349.29,4339.78,4347.91
2025-12-20T01:00:00+09:00,4347.905,4354.755,4342.855,4343.12
2025-12-20T01:15:00+09:00,4343.14,4347.52,4342.155,4346.825
2025-12-20T01:30:00+09:00,4346.84,4350.52,4343.19,4345.6
2025-12-20T01:45:00+09:00,4345.595,4351.415,4344.48,4349.935
2025-12-20T02:00:00+09:00,4349.92,4353.79,4347.075,4347.105
2025-12-20T02:15:00+09:00,4347.11,4352.815,4347.1,4351.905
2025-12-20T02:30:00+09:00,4352.005,4354.02,4349.925,4351.425
2025-12-20T02:45:00+09:00,4351.47,4355.99,4350.515,4353.555
2025-12-20T03:00:00+09:00,4353.495,4354.885,4350.35,4353.785
2025-12-20T03:15:00+09:00,4353.7,4356.625,4352.06,4354.505
2025-12-20T03:30:00+09:00,4354.48,4355,4344.86,4344.88
2025-12-20T03:45:00+09:00,4344.835,4349.825,4343.155,4348.595
2025-12-20T04:00:00+09:00,4348.605,4350.635,4346.47,4347.26
2025-12-20T04:15:00+09:00,4347.245,4349.355,4346.355,4347.775
2025-12-20T04:30:00+09:00,4347.755,4350.1,4346.685,4346.885
2025-12-20T04:45:00+09:00,4346.865,4348.925,4345.17,4345.295
2025-12-20T05:00:00+09:00,4345.26,4346.545,4342.09,4342.47
2025-12-20T05:15:00+09:00,4342.48,4345.85,4341.33,4345.195
2025-12-20T05:30:00+09:00,4345.15,4345.15,4338.61,4340.385
2025-12-20T05:45:00+09:00,4340.205,4340.935,4336.875,4339.75
2025-12-20T06:00:00+09:00,4339.735,4340.36,4337.375,4338.82
2025-12-20T06:15:00+09:00,4338.875,4339.335,4336.92,4337.7
2025-12-20T06:30:00+09:00,4337.635,4338.885,4336.555,4338.175
2025-12-20T06:45:00+09:00,4338.16,4339.54,4337.56,4338.765
2025-12-22T08:00:00+09:00,4340.905,4345.835,4339.9,4345.385
2025-12-22T08:15:00+09:00,4345.255,4349.435,4344.165,4348.855
2025-12-22T08:30:00+09:00,4348.71,4350.735,4347.37,4348.645
2025-12-22T08:45:00+09:00,4348.67,4356.1,4348.505,4355.4
2025-12-22T09:00:00+09:00,4355.325,4364.97,4355.325,4359.72
2025-12-22T09:15:00+09:00,4359.635,4365.165,4358.77,4363.31
2025-12-22T09:30:00+09:00,4363.705,4366.56,4361.685,4361.91
2025-12-22T09:45:00+09:00,4361.935,4365.59,4361.9,4365.165
2025-12-22T10:00:00+09:00,4365.275,4372.495,4362.635,4364.605
2025-12-22T10:15:00+09:00,4364.495,4370.39,4361.375,4368.295
2025-12-22T10:30:00+09:00,4368.34,4383.89,4368.185,4381.755
2025-12-22T10:45:00+09:00,4381.71,4384.96,4379.745,4382.97
2025-12-22T11:00:00+09:00,4382.995,4384.375,4378.765,4380.715
2025-12-22T11:15:00+09:00,4380.735,4382.565,4378.97,4379.01
2025-12-22T11:30:00+09:00,4378.95,4385.82,4378.695,4384.125
2025-12-22T11:45:00+09:00,4384.095,4388.84,4382.34,4386.07
2025-12-22T12:00:00+09:00,4386.055,4390.175,4384.415,4386.64
2025-12-22T12:15:00+09:00,4386.61,4391.01,4385.34,4389.08
2025-12-22T12:30:00+09:00,4389.15,4392.155,4388.16,4391.68
2025-12-22T12:45:00+09:00,4391.715,4395.05,4391.62,4392.66
2025-12-22T13:00:00+09:00,4392.655,4396.88,4391.33,4396.88
2025-12-22T13:15:00+09:00,4396.885,4397.495,4393.23,4394.775
2025-12-22T13:30:00+09:00,4394.79,4396.285,4394.055,4395.25
2025-12-22T13:45:00+09:00,4395.23,4401.115,4394.96,4398.525
2025-12-22T14:00:00+09:00,4398.38,4403.875,4396.865,4401.295
2025-12-22T14:15:00+09:00,4401.29,4405.57,4398.72,4405.075
2025-12-22T14:30:00+09:00,4405.085,4409.76,4397.33,4401.595
2025-12-22T14:45:00+09:00,4401.5,4406.89,4399.97,4400.21
2025-12-22T15:00:00+09:00,4400.235,4405.26,4398.96,4403.985
2025-12-22T15:15:00+09:00,4403.98,4405.51,4399.69,4401.055
2025-12-22T15:30:00+09:00,4401.035,4409.425,4400.22,4408.555
2025-12-22T15:45:00+09:00,4408.56,4420.16,4408.125,4419.47
2025-12-22T16:00:00+09:00,4419.455,4420.515,4410.41,4412.915
2025-12-22T16:15:00+09:00,4412.895,4416.705,4411.875,4415.85
2025-12-22T16:30:00+09:00,4415.9,4418.04,4412.36,4416.59
2025-12-22T16:45:00+09:00,4416.595,4416.685,4412.605,4414.395
2025-12-22T17:00:00+09:00,4414.345,4414.835,4410.125,4412.36
2025-12-22T17:15:00+09:00,4412.335,4413.54,4409.555,4413.54
2025-12-22T17:30:00+09:00,4413.545,4415.08,4407.06,4410.125
2025-12-22T17:45:00+09:00,4410.11,4411.21,4406.195,4408.28
2025-12-22T18:00:00+09:00,4408.265,4413.375,4408.02,4412.415
2025-12-22T18:15:00+09:00,4412.355,4414.13,4410.9,4412.595
2025-12-22T18:30:00+09:00,4412.61,4413.785,4411.575,4412.43
2025-12-22T18:45:00+09:00,4412.435,4415.01,4411.11,4411.2
2025-12-22T19:00:00+09:00,4411.195,4416.055,4411.145,4414.105
2025-12-22T19:15:00+09:00,4414.095,4414.4,4411.26,4411.405
2025-12-22T19:30:00+09:00,4411.455,4411.645,4406.215,4409
2025-12-22T19:45:00+09:00,4409.01,4411.695,4408.68,4408.79
2025-12-22T20:00:00+09:00,4408.765,4409.925,4406.06,4409.365
2025-12-22T20:15:00+09:00,4409.345,4410.64,4408.18,4409.295
2025-12-22T20:30:00+09:00,4409.32,4411.695,4408.615,4410.165
2025-12-22T20:45:00+09:00,4410.19,4411.095,4408.835,4410.42
2025-12-22T21:00:00+09:00,4410.225,4413.46,4406.29,4407.225
2025-12-22T21:15:00+09:00,4407.21,4412.49,4407.07,4409.19
2025-12-22T21:30:00+09:00,4409.2,4410.875,4407.75,4409.64
2025-12-22T21:45:00+09:00,4409.585,4416.04,4409.425,4415.81
2025-12-22T22:00:00+09:00,4415.83,4426.795,4415.12,4425.475
2025-12-22T22:15:00+09:00,4425.51,4427.375,4412.73,4418.655
2025-12-22T22:30:00+09:00,4418.665,4426.725,4418.195,4423.96
2025-12-22T22:45:00+09:00,4423.985,4427.42,4419.91,4423.865
2025-12-22T23:00:00+09:00,4423.905,4427.39,4421.775,4426.45
2025-12-22T23:15:00+09:00,4426.36,4429.245,4424.225,4426.56
2025-12-22T23:30:00+09:00,4426.575,4426.76,4414.725,4423.025
2025-12-22T23:45:00+09:00,4422.99,4429.665,4417.74,4419.445
2025-12-23T00:00:00+09:00,4419.455,4423.81,4413.935,4416.085
2025-12-23T00:15:00+09:00,4415.97,4419.875,4411.945,4418.105
2025-12-23T00:30:00+09:00,4418.035,4428.185,4416.615,4427.89
2025-12-23T00:45:00+09:00,4427.88,4435.65,4427.88,4431.835
2025-12-23T01:00:00+09:00,4431.86,4438.17,4428.22,4438.15
2025-12-23T01:15:00+09:00,4438.25,4440.52,4435.54,4438.01
2025-12-23T01:30:00+09:00,4438.015,4442.21,4433.115,4435.835
2025-12-23T01:45:00+09:00,4435.84,4438.995,4434.485,4438.72
2025-12-23T02:00:00+09:00,4438.725,4441.825,4435.235,4441.775
2025-12-23T02:15:00+09:00,4441.875,4442.27,4433.705,4434.23
2025-12-23T02:30:00+09:00,4434.255,4437.77,4431.995,4435.775
2025-12-23T02:45:00+09:00,4435.735,4438.765,4435.41,4438.51
2025-12-23T03:00:00+09:00,4438.61,4438.995,4434.415,4436.74
2025-12-23T03:15:00+09:00,4436.8,4438.61,4433.535,4434.145
2025-12-23T03:30:00+09:00,4434.205,4437.32,4432.175,4432.785
2025-12-23T03:45:00+09:00,4432.845,4436.84,4429.445,4435.465
2025-12-23T04:00:00+09:00,4435.46,4436.085,4429.95,4430.27
2025-12-23T04:15:00+09:00,4430.29,4433.24,4429.005,4432.975
2025-12-23T04:30:00+09:00,4432.965,4434.225,4431.41,4432.835
2025-12-23T04:45:00+09:00,4432.84,4433.96,4431.745,4433.69
2025-12-23T05:00:00+09:00,4433.615,4438.765,4433.525,4438.765
2025-12-23T05:15:00+09:00,4438.745,4438.775,4431.86,4432.34
2025-12-23T05:30:00+09:00,4432.19,4435.53,4431.72,4434.67
2025-12-23T05:45:00+09:00,4434.705,4439.27,4434.245,4438.715
2025-12-23T06:00:00+09:00,4438.695,4443.43,4438.525,4443.105
2025-12-23T06:15:00+09:00,4443.1,4449.235,4442.455,4447.965
2025-12-23T06:30:00+09:00,4447.94,4449.385,4444.765,4444.98
2025-12-23T06:45:00+09:00,4444.975,4446.16,4443.325,4443.74
2025-12-23T08:00:00+09:00,4449.18,4455.505,4449.045,4455.3
2025-12-23T08:15:00+09:00,4455.305,4459.695,4455.08,4458.87
2025-12-23T08:30:00+09:00,4458.9,4458.91,4452.84,4458.235
2025-12-23T08:45:00+09:00,4458.15,4461.66,4455.045,4460.145
2025-12-23T09:00:00+09:00,4460.095,4466.66,4458.16,4466.245
2025-12-23T09:15:00+09:00,4466.29,4468.655,4463.78,4468.08
2025-12-23T09:30:00+09:00,4468.075,4469.985,4466.47,4468.755
2025-12-23T09:45:00+09:00,4468.71,4470.715,4467.33,4470.6
2025-12-23T10:00:00+09:00,4470.53,4486.84,4470.46,4485.825
2025-12-23T10:15:00+09:00,4485.85,4486.365,4469.44,4477.36
2025-12-23T10:30:00+09:00,4477.34,4486.125,4477.1,4485.04
2025-12-23T10:45:00+09:00,4485.115,4490.69,4482.25,4486.675
2025-12-23T11:00:00+09:00,4486.66,4488.61,4481.38,4485.455
2025-12-23T11:15:00+09:00,4485.53,4489.74,4485.025,4486.855
2025-12-23T11:30:00+09:00,4486.84,4497.685,4486.69,4495.72
2025-12-23T11:45:00+09:00,4495.71,4496.12,4489.155,4493.48
2025-12-23T12:00:00+09:00,4493.44,4496.78,4485.67,4486.38
2025-12-23T12:15:00+09:00,4486.525,4488.88,4482.955,4487.155
2025-12-23T12:30:00+09:00,4487.13,4488.925,4485.755,4486.2
2025-12-23T12:45:00+09:00,4486.185,4487.095,4483.92,4486.725
2025-12-23T13:00:00+09:00,4486.765,4488.325,4484.655,4487.04
2025-12-23T13:15:00+09:00,4487.035,4488.285,4484.32,4486.47
2025-12-23T13:30:00+09:00,4486.43,4487.175,4484.11,4484.64
2025-12-23T13:45:00+09:00,4484.57,4485.145,4478.86,4482.585
2025-12-23T14:00:00+09:00,4482.525,4485.04,4480.22,4480.85
2025-12-23T14:15:00+09:00,4480.825,4481.695,4476.72,4480.375
2025-12-23T14:30:00+09:00,4480.36,4485.695,4476.53,4481.215
2025-12-23T14:45:00+09:00,4481.245,4482.73,4474.92,4475.335
2025-12-23T15:00:00+09:00,4475.245,4478.41,4469.5,4471.555
2025-12-23T15:15:00+09:00,4471.47,4476.645,4470.705,4476.195
2025-12-23T15:30:00+09:00,4476.215,4478.035,4474.76,4476.41
2025-12-23T15:45:00+09:00,4476.36,4481.735,4475.85,4481.62
2025-12-23T16:00:00+09:00,4481.61,4483.285,4478.5,4481.83
2025-12-23T16:15:00+09:00,4481.825,4486,4481.075,4484.14
2025-12-23T16:30:00+09:00,4484.16,4486.925,4483.655,4484.07
2025-12-23T16:45:00+09:00,4484.055,4489.88,4483.9,4486.855
2025-12-23T17:00:00+09:00,4486.81,4489.5,4485.425,4488.32
2025-12-23T17:15:00+09:00,4488.29,4490.65,4486.445,4487.195
2025-12-23T17:30:00+09:00,4487.21,4492.47,4484.73,4492.08
2025-12-23T17:45:00+09:00,4492.125,4493.49,4488.6,4490.055
2025-12-23T18:00:00+09:00,4490.04,4491.36,4480.53,4481.585
2025-12-23T18:15:00+09:00,4481.405,4484.595,4479.185,4483.315
2025-12-23T18:30:00+09:00,4483.32,4485.32,4479.705,4481.86
2025-12-23T18:45:00+09:00,4481.94,4483.315,4478.225,4480.5
2025-12-23T19:00:00+09:00,4480.545,4485.03,4479.56,4484.8
2025-12-23T19:15:00+09:00,4484.83,4487.605,4483.035,4485.935
2025-12-23T19:30:00+09:00,4485.95,4485.99,4481.575,4482.905
2025-12-23T19:45:00+09:00,4482.915,4486.12,4482.69,4484.4
2025-12-23T20:00:00+09:00,4484.415,4486.37,4483.295,4484.55
2025-12-23T20:15:00+09:00,4484.465,4485.825,4483.1,4483.965
2025-12-23T20:30:00+09:00,4484.025,4488.71,4483.245,4488.605
2025-12-23T20:45:00+09:00,4488.61,4494.315,4487.32,4493.655
2025-12-23T21:00:00+09:00,4493.625,4493.785,4485.705,4485.935
2025-12-23T21:15:00+09:00,4485.94,4486.085,4483.275,4485.22
2025-12-23T21:30:00+09:00,4485.215,4487.745,4484.53,4486.125
2025-12-23T21:45:00+09:00,4486.16,4489.425,4485.86,4486.41
2025-12-23T22:00:00+09:00,4486.35,4494.69,4486.06,4494.57
2025-12-23T22:15:00+09:00,4494.59,4497.635,4486.62,4489.54
2025-12-23T22:30:00+09:00,4489.57,4492.665,4484.69,4489.955
2025-12-23T22:45:00+09:00,4489.88,4491.06,4473.51,4479.36
2025-12-23T23:00:00+09:00,4479.425,4480.13,4456.205,4469.94
2025-12-23T23:15:00+09:00,4469.83,4472.255,4463.295,4465.135
2025-12-23T23:30:00+09:00,4465.19,4465.34,4447.72,4452.905
2025-12-23T23:45:00+09:00,4452.825,4459.655,4441.5,4446.745
2025-12-24T00:00:00+09:00,4446.735,4451.165,4430.515,4448.655
2025-12-24T00:15:00+09:00,4448.67,4452.175,4439.58,4442.77
2025-12-24T00:30:00+09:00,4442.73,4457.285,4441.655,4453.485
2025-12-24T00:45:00+09:00,4453.49,4459.415,4451.62,4458.395
2025-12-24T01:00:00+09:00,4458.43,4463.49,4456.225,4460.82
2025-12-24T01:15:00+09:00,4460.83,4465.59,4459.16,4461.615
2025-12-24T01:30:00+09:00,4461.675,4467.095,4455.815,4465.96
2025-12-24T01:45:00+09:00,4465.945,4476.695,4465.945,4474.38
2025-12-24T02:00:00+09:00,4474.395,4479.92,4471.75,4475.415
2025-12-24T02:15:00+09:00,4475.435,4478.83,4470.365,4477.85
2025-12-24T02:30:00+09:00,4477.905,4479.485,4474.045,4478.685
2025-12-24T02:45:00+09:00,4478.71,4479.095,4469.945,4472.965
2025-12-24T03:00:00+09:00,4473.08,4481.475,4473.08,4477.675
2025-12-24T03:15:00+09:00,4477.735,4479.405,4474.215,4477.81
2025-12-24T03:30:00+09:00,4477.97,4478.565,4472.74,4476.565
2025-12-24T03:45:00+09:00,4476.635,4485.22,4476.625,4484.725
2025-12-24T04:00:00+09:00,4484.625,4496.38,4484.265,4493.71
2025-12-24T04:15:00+09:00,4493.755,4493.76,4487.37,4490.13
2025-12-24T04:30:00+09:00,4490.175,4493.955,4488.16,4492.945
2025-12-24T04:45:00+09:00,4492.995,4493.01,4489.19,4490.745
2025-12-24T05:00:00+09:00,4490.74,4494.205,4489.535,4493.635
2025-12-24T05:15:00+09:00,4493.62,4494.64,4491.4,4491.975
2025-12-24T05:30:00+09:00,4491.96,4493.26,4489.3,4492.4
2025-12-24T05:45:00+09:00,4492.415,4499.82,4491.845,4497.5
2025-12-24T06:00:00+09:00,4497.505,4498.85,4490.475,4491.22
2025-12-24T06:15:00+09:00,4491.27,4491.77,4489.95,4490.09
2025-12-24T06:30:00+09:00,4490.095,4491.405,4488.385,4489.25
2025-12-24T06:45:00+09:00,4489.28,4489.78,4483.52,4484.55
2025-12-24T08:00:00+09:00,4488.59,4495.585,4488,4495.39
2025-12-24T08:15:00+09:00,4495.315,4498.17,4490.89,4492.29
2025-12-24T08:30:00+09:00,4492.325,4509.235,4492.325,4505.655
2025-12-24T08:45:00+09:00,4505.48,4510.78,4499.805,4503.39
2025-12-24T09:00:00+09:00,4503.3,4512.855,4500.96,4507.945
2025-12-24T09:15:00+09:00,4507.99,4514.175,4507.99,4514.07
2025-12-24T09:30:00+09:00,4513.995,4517.88,4512.775,4517.73
2025-12-24T09:45:00+09:00,4517.77,4518.215,4508.05,4512.095
2025-12-24T10:00:00+09:00,4512.02,4520.205,4507.045,4512.015
2025-12-24T10:15:00+09:00,4512.03,4526.15,4512.03,4521.485
2025-12-24T10:30:00+09:00,4521.495,4523.635,4518.465,4520.29
2025-12-24T10:45:00+09:00,4520.315,4523.63,4518.62,4518.84
2025-12-24T11:00:00+09:00,4518.815,4519.52,4504.865,4511.585
2025-12-24T11:15:00+09:00,4511.59,4512.535,4505.83,4506.955
2025-12-24T11:30:00+09:00,4506.965,4511.26,4504.745,4508.735
2025-12-24T11:45:00+09:00,4508.75,4512.325,4474.375,4478.06
2025-12-24T12:00:00+09:00,4478.26,4486.405,4466.54,4485.805
2025-12-24T12:15:00+09:00,4485.775,4496.31,4485.71,4491.595
2025-12-24T12:30:00+09:00,4491.51,4498.74,4490.52,4495.165
2025-12-24T12:45:00+09:00,4495.19,4495.46,4492,4493.2
2025-12-24T13:00:00+09:00,4493.325,4495.855,4492.225,4494.715
2025-12-24T13:15:00+09:00,4494.74,4497.605,4491.4,4497.1
2025-12-24T13:30:00+09:00,4497.13,4501.565,4496.42,4500.23
2025-12-24T13:45:00+09:00,4500.22,4501.295,4496.615,4499.32
2025-12-24T14:00:00+09:00,4499.17,4500.575,4485.185,4490.905
2025-12-24T14:15:00+09:00,4490.835,4494.67,4489.545,4492.505
2025-12-24T14:30:00+09:00,4492.44,4497.32,4490.65,4495.815
2025-12-24T14:45:00+09:00,4495.81,4497.185,4488.195,4488.645
2025-12-24T15:00:00+09:00,4488.65,4492.96,4486.59,4492.675
2025-12-24T15:15:00+09:00,4492.68,4492.78,4485.275,4487.81
2025-12-24T15:30:00+09:00,4487.88,4498.025,4487.875,4494.625
2025-12-24T15:45:00+09:00,4494.64,4497.6,4492.835,4493.78
2025-12-24T16:00:00+09:00,4493.805,4495.24,4490.665,4493.515
2025-12-24T16:15:00+09:00,4493.495,4494.625,4491.245,4491.66
2025-12-24T16:30:00+09:00,4491.655,4492.315,4488.24,4488.575
2025-12-24T16:45:00+09:00,4488.57,4489.46,4483.61,4484.05
2025-12-24T17:00:00+09:00,4484.04,4487.17,4478.205,4485.51
2025-12-24T17:15:00+09:00,4485.545,4490.94,4483.33,4484.86
2025-12-24T17:30:00+09:00,4484.935,4492.705,4482.325,4490.15
2025-12-24T17:45:00+09:00,4490.105,4490.565,4481.6,4482.505
2025-12-24T18:00:00+09:00,4482.51,4488.265,4482.1,4487.9
2025-12-24T18:15:00+09:00,4487.94,4493.57,4487.55,4489.485
2025-12-24T18:30:00+09:00,4489.495,4492.43,4486.51,4491.61
2025-12-24T18:45:00+09:00,4491.605,4496.26,4491.495,4494.895
2025-12-24T19:00:00+09:00,4494.89,4500.035,4489.885,4490.775
2025-12-24T19:15:00+09:00,4490.78,4496.51,4489.64,4494.285
2025-12-24T19:30:00+09:00,4494.235,4494.795,4482.425,4486.015
2025-12-24T19:45:00+09:00,4485.925,4490.87,4484.82,4489.695
2025-12-24T20:00:00+09:00,4489.71,4490.68,4484.965,4488.04
2025-12-24T20:15:00+09:00,4488.035,4489.345,4486.535,4487.335
2025-12-24T20:30:00+09:00,4487.32,4488.665,4483.165,4488.32
2025-12-24T20:45:00+09:00,4488.34,4492.17,4486.16,4491.77
2025-12-24T21:00:00+09:00,4491.77,4495.985,4491.185,4495.435
2025-12-24T21:15:00+09:00,4495.36,4496.335,4490.92,4493.19
2025-12-24T21:30:00+09:00,4493.215,4493.62,4490.02,4490.445
2025-12-24T21:45:00+09:00,4490.44,4492.58,4489.745,4490.765
2025-12-24T22:00:00+09:00,4490.8,4493.655,4481.28,4485.37
2025-12-24T22:15:00+09:00,4485.375,4487.105,4474.72,4479.395
2025-12-24T22:30:00+09:00,4479.5,4486.365,4477.87,4485.3
2025-12-24T22:45:00+09:00,4485.38,4489.015,4483.375,4488.29
2025-12-24T23:00:00+09:00,4488.135,4489.785,4484.03,4485.535
2025-12-24T23:15:00+09:00,4485.505,4487.7,4482.21,4485.21
2025-12-24T23:30:00+09:00,4485.235,4489.035,4469.325,4481.505
2025-12-24T23:45:00+09:00,4481.47,4482.47,4460.485,4464.975
2025-12-25T00:00:00+09:00,4464.955,4475.285,4461.82,4474.77
2025-12-25T00:15:00+09:00,4474.735,4476.745,4461.45,4469.805
2025-12-25T00:30:00+09:00,4469.58,4473.085,4449.705,4453.43
2025-12-25T00:45:00+09:00,4453.37,4460.885,4448.26,4458.685
2025-12-25T01:00:00+09:00,4458.715,4471.355,4456.12,4466.285
2025-12-25T01:15:00+09:00,4466.26,4469.24,4464.275,4468.435
2025-12-25T01:30:00+09:00,4468.59,4476.795,4467.17,4475.315
2025-12-25T01:45:00+09:00,4475.32,4478.265,4472.065,4476.87
2025-12-25T02:00:00+09:00,4476.88,4487.88,4475.545,4483.685
2025-12-25T02:15:00+09:00,4483.74,4484.83,4476,4477.775
2025-12-25T02:30:00+09:00,4477.795,4483.125,4477.14,4479.45
2025-12-25T02:45:00+09:00,4479.42,4483.59,4479.31,4480.745
2025-12-25T03:00:00+09:00,4480.765,4481.65,4477.405,4478.055
2025-12-25T03:15:00+09:00,4478.32,4482.5,4478.025,4480.645
2025-12-25T03:30:00+09:00,4480.685,4481.945,4478.83,4479.415
2025-12-26T08:00:00+09:00,4502.625,4536.74,4484.195,4490.595
2025-12-26T08:15:00+09:00,4490.47,4499.845,4488.57,4498.415
2025-12-26T08:30:00+09:00,4498.58,4499.765,4489.51,4496.29
2025-12-26T08:45:00+09:00,4496.305,4500.155,4491.625,4495.405
2025-12-26T09:00:00+09:00,4495.315,4506.19,4492.27,4503.165
2025-12-26T09:15:00+09:00,4503.235,4507.215,4501.125,4507.08
2025-12-26T09:30:00+09:00,4507.055,4508.185,4504.275,4507.62
2025-12-26T09:45:00+09:00,4507.565,4518.11,4506.23,4517.97
2025-12-26T10:00:00+09:00,4517.965,4531.515,4508.91,4510.495
2025-12-26T10:15:00+09:00,4510.475,4518.375,4506.76,4510.18
2025-12-26T10:30:00+09:00,4510.21,4515.805,4497.655,4507.18
2025-12-26T10:45:00+09:00,4507.275,4507.5,4500.07,4504.045
2025-12-26T11:00:00+09:00,4504.02,4507.91,4498.335,4506.485
2025-12-26T11:15:00+09:00,4506.59,4509.92,4501.905,4502.06
2025-12-26T11:30:00+09:00,4502.025,4502.655,4492.21,4499.415
2025-12-26T11:45:00+09:00,4499.44,4508.975,4498.59,4508.95
2025-12-26T12:00:00+09:00,4508.955,4511.97,4501.305,4511.97
2025-12-26T12:15:00+09:00,4512,4513.545,4502.96,4503.08
2025-12-26T12:30:00+09:00,4503.275,4503.815,4497.585,4503.01
2025-12-26T12:45:00+09:00,4502.985,4505.975,4500.55,4501.845
2025-12-26T13:00:00+09:00,4501.84,4510.055,4500.54,4507.915
2025-12-26T13:15:00+09:00,4507.96,4510.365,4504.835,4509.655
2025-12-26T13:30:00+09:00,4509.605,4511.855,4505.755,4508.14
2025-12-26T13:45:00+09:00,4508.07,4511.33,4506.785,4509.19
2025-12-26T14:00:00+09:00,4509.185,4511.62,4507.47,4509.265
2025-12-26T14:15:00+09:00,4509.25,4510.4,4506.13,4507.295
2025-12-26T14:30:00+09:00,4507.315,4514.98,4507.26,4512.085
2025-12-26T14:45:00+09:00,4512.315,4513.74,4509.745,4509.82
2025-12-26T15:00:00+09:00,4509.875,4513.62,4509.01,4512.79
2025-12-26T15:15:00+09:00,4512.815,4518.875,4512.585,4518.545
2025-12-26T15:30:00+09:00,4518.565,4519.55,4515.08,4518.65
2025-12-26T15:45:00+09:00,4518.66,4518.745,4508.045,4511.58
2025-12-26T16:00:00+09:00,4511.63,4515.17,4510.69,4514.555
2025-12-26T16:15:00+09:00,4514.565,4515.795,4508.135,4509.435
2025-12-26T16:30:00+09:00,4509.48,4513.13,4507.955,4508.275
2025-12-26T16:45:00+09:00,4508.285,4511.655,4507.435,4511.05
2025-12-26T17:00:00+09:00,4511.21,4515.06,4509.735,4515.045
2025-12-26T17:15:00+09:00,4515.025,4517.525,4514.29,4515.17
2025-12-26T17:30:00+09:00,4515.175,4517.38,4513.315,4514.685
2025-12-26T17:45:00+09:00,4514.67,4519.765,4514.22,4518.99
2025-12-26T18:00:00+09:00,4519.02,4520.7,4515.34,4515.99
2025-12-26T18:15:00+09:00,4516.02,4518.975,4515.22,4517.485
2025-12-26T18:30:00+09:00,4517.48,4518.41,4512.99,4513.92
2025-12-26T18:45:00+09:00,4513.915,4515.44,4512.005,4512.83
2025-12-26T19:00:00+09:00,4512.795,4519.645,4512.155,4518.925
2025-12-26T19:15:00+09:00,4518.96,4523.75,4517.08,4520.635
2025-12-26T19:30:00+09:00,4520.68,4522.205,4514.21,4515.285
2025-12-26T19:45:00+09:00,4515.32,4515.685,4511.255,4514.47
2025-12-26T20:00:00+09:00,4514.48,4515.28,4503.395,4509.935
2025-12-26T20:15:00+09:00,4509.95,4512.115,4503.82,4505.445
2025-12-26T20:30:00+09:00,4505.48,4509.325,4503.55,4507.835
2025-12-26T20:45:00+09:00,4507.9,4509.98,4502.91,4509.945
2025-12-26T21:00:00+09:00,4509.915,4511.205,4507.075,4510.88
2025-12-26T21:15:00+09:00,4510.865,4512.825,4508.445,4512.1
2025-12-26T21:30:00+09:00,4512.125,4515.17,4512.02,4512.69
2025-12-26T21:45:00+09:00,4512.71,4514.21,4506.785,4508.93
2025-12-26T22:00:00+09:00,4508.885,4515.36,4503.705,4514.64
2025-12-26T22:15:00+09:00,4514.72,4519.91,4512.82,4517.955
2025-12-26T22:30:00+09:00,4517.92,4528.885,4517.92,4522.05
2025-12-26T22:45:00+09:00,4522.065,4525.995,4515.17,4525.195
2025-12-26T23:00:00+09:00,4525.19,4527.215,4522.31,4526.005
2025-12-26T23:15:00+09:00,4526.02,4530.265,4523.315,4529.54
2025-12-26T23:30:00+09:00,4529.57,4533.235,4519.05,4521.38
2025-12-26T23:45:00+09:00,4521.385,4526.66,4512.795,4521.16
2025-12-27T00:00:00+09:00,4521.155,4530.785,4519.64,4527.305
2025-12-27T00:15:00+09:00,4527.31,4533.99,4526.06,4533.225
2025-12-27T00:30:00+09:00,4533.27,4545.595,4531.82,4538.195
2025-12-27T00:45:00+09:00,4538.185,4547.38,4537.29,4546.495
2025-12-27T01:00:00+09:00,4546.54,4550.15,4534.775,4539.005
2025-12-27T01:15:00+09:00,4538.98,4547.42,4537.14,4546.03
2025-12-27T01:30:00+09:00,4546.035,4546.54,4539.005,4539.555
2025-12-27T01:45:00+09:00,4539.605,4543.495,4531.34,4536.33
2025-12-27T02:00:00+09:00,4536.325,4537.65,4525.675,4526.065
2025-12-27T02:15:00+09:00,4526.205,4528.25,4516.82,4518.12
2025-12-27T02:30:00+09:00,4518.13,4520.47,4510.025,4516.51
2025-12-27T02:45:00+09:00,4516.535,4524.905,4512.365,4519.07
2025-12-27T03:00:00+09:00,4519.055,4521.74,4514.705,4517.715
2025-12-27T03:15:00+09:00,4517.645,4524.7,4516.01,4519.145
2025-12-27T03:30:00+09:00,4519.11,4530.44,4516.13,4529.595
2025-12-27T03:45:00+09:00,4529.61,4532.785,4527.69,4531.155
2025-12-27T04:00:00+09:00,4531.22,4534.52,4524.91,4533.835
2025-12-27T04:15:00+09:00,4533.84,4535.795,4528.73,4529.785
2025-12-27T04:30:00+09:00,4529.695,4530.28,4521.9,4525.36
2025-12-27T04:45:00+09:00,4525.385,4527.005,4519.925,4523.81
2025-12-27T05:00:00+09:00,4523.82,4534.055,4522.955,4532.96
2025-12-27T05:15:00+09:00,4532.99,4535.74,4521.685,4523.795
2025-12-27T05:30:00+09:00,4523.7,4531.365,4522.665,4530.54
2025-12-27T05:45:00+09:00,4530.435,4533.4,4525.595,4531.05
2025-12-27T06:00:00+09:00,4530.985,4533.14,4527.205,4528.61
2025-12-27T06:15:00+09:00,4528.565,4533.1,4528.28,4531.585
2025-12-27T06:30:00+09:00,4531.555,4534.825,4529.7,4532.36
2025-12-27T06:45:00+09:00,4532.365,4534.52,4529.37,4533.21
2025-12-29T08:00:00+09:00,4542.66,4548.35,4523.05,4533.5
2025-12-29T08:15:00+09:00,4533.375,4542.055,4532.02,4536.06
2025-12-29T08:30:00+09:00,4536.07,4540.31,4530.76,4532.585
2025-12-29T08:45:00+09:00,4532.575,4534.81,4525.79,4527.08
2025-12-29T09:00:00+09:00,4527.135,4527.98,4514.605,4523.845
2025-12-29T09:15:00+09:00,4523.875,4523.885,4481.825,4486.75
2025-12-29T09:30:00+09:00,4486.705,4503.385,4472.25,4489.425
2025-12-29T09:45:00+09:00,4489.345,4507.1,4489.025,4497.3
2025-12-29T10:00:00+09:00,4497.305,4514.715,4492.375,4512.425
2025-12-29T10:15:00+09:00,4512.42,4517.59,4495.92,4499.44
2025-12-29T10:30:00+09:00,4499.435,4507.85,4492.295,4501.81
2025-12-29T10:45:00+09:00,4501.83,4507.03,4494.995,4497.325
2025-12-29T11:00:00+09:00,4497.325,4509.555,4496.45,4507.14
2025-12-29T11:15:00+09:00,4507.125,4514.49,4504.16,4512.635
2025-12-29T11:30:00+09:00,4512.63,4515.86,4508.935,4511.96
2025-12-29T11:45:00+09:00,4511.945,4516.02,4509.38,4512.425
2025-12-29T12:00:00+09:00,4512.465,4518.955,4509.445,4515.42
2025-12-29T12:15:00+09:00,4515.32,4518.505,4512.27,4512.865
2025-12-29T12:30:00+09:00,4512.91,4520.61,4512.85,4516.52
2025-12-29T12:45:00+09:00,4516.51,4517.565,4513.715,4516.67
2025-12-29T13:00:00+09:00,4516.48,4517.14,4508.005,4515.295
2025-12-29T13:15:00+09:00,4515.32,4516.36,4511.02,4514.335
2025-12-29T13:30:00+09:00,4514.34,4519.74,4513.135,4515.985
2025-12-29T13:45:00+09:00,4516.005,4516.67,4513.58,4515.825
2025-12-29T14:00:00+09:00,4515.66,4515.68,4510.02,4514.575
2025-12-29T14:15:00+09:00,4514.59,4515.88,4510.92,4514.045
2025-12-29T14:30:00+09:00,4514.045,4519.595,4512.125,4516.51
2025-12-29T14:45:00+09:00,4516.545,4517.76,4504.925,4506.665
2025-12-29T15:00:00+09:00,4506.545,4510.74,4500.12,4506.11
2025-12-29T15:15:00+09:00,4506.075,4507.23,4489.165,4490.71
2025-12-29T15:30:00+09:00,4490.775,4497.915,4484.435,4487.145
2025-12-29T15:45:00+09:00,4487.12,4488.14,4471.325,4475.105
2025-12-29T16:00:00+09:00,4475.05,4476.665,4445.115,4473.165
2025-12-29T16:15:00+09:00,4473.17,4481.685,4471.325,4471.48
2025-12-29T16:30:00+09:00,4471.405,4479.765,4470.205,4473.695
2025-12-29T16:45:00+09:00,4473.91,4478.715,4473.115,4474.775
2025-12-29T17:00:00+09:00,4474.86,4486.12,4466.345,4483.865
2025-12-29T17:15:00+09:00,4483.84,4488.6,4479.99,4480.045
2025-12-29T17:30:00+09:00,4480.055,4480.71,4469.94,4470.1
2025-12-29T17:45:00+09:00,4470.1,4472.105,4452.68,4461.035
2025-12-29T18:00:00+09:00,4461.08,4468.155,4459.27,4467.77
2025-12-29T18:15:00+09:00,4467.7,4469.03,4462.23,4465.875
2025-12-29T18:30:00+09:00,4465.875,4476.035,4460.385,4475.92
2025-12-29T18:45:00+09:00,4475.95,4476.545,4469.115,4472.18
2025-12-29T19:00:00+09:00,4472.165,4474.68,4469.115,4471.455
2025-12-29T19:15:00+09:00,4471.5,4472.57,4462.605,4462.73
2025-12-29T19:30:00+09:00,4462.705,4463.94,4456.935,4460.165
2025-12-29T19:45:00+09:00,4460.125,4463.575,4458.425,4460.935
2025-12-29T20:00:00+09:00,4460.93,4461.14,4455.89,4458.36
2025-12-29T20:15:00+09:00,4458.275,4468.02,4457.8,4465.385
2025-12-29T20:30:00+09:00,4465.37,4465.98,4434.12,4453.23
2025-12-29T20:45:00+09:00,4453.175,4453.705,4441.85,4446.885
2025-12-29T21:00:00+09:00,4446.995,4456.36,4445.75,4452.8
2025-12-29T21:15:00+09:00,4452.84,4457.26,4451.89,4456.895
2025-12-29T21:30:00+09:00,4456.905,4464.69,4454.9,4462.615
2025-12-29T21:45:00+09:00,4462.61,4464.985,4460.8,4464.415
2025-12-29T22:00:00+09:00,4464.41,4467.7,4456.8,4457.74
2025-12-29T22:15:00+09:00,4457.745,4460.02,4445.575,4451.86
2025-12-29T22:30:00+09:00,4451.885,4455.05,4425.425,4429.7
2025-12-29T22:45:00+09:00,4429.675,4429.675,4407.145,4421.735
2025-12-29T23:00:00+09:00,4421.665,4421.665,4386.365,4398.635
2025-12-29T23:15:00+09:00,4398.645,4405.735,4386.925,4389.945
2025-12-29T23:30:00+09:00,4389.96,4390.34,4356.765,4373.76
2025-12-29T23:45:00+09:00,4373.755,4384.79,4358.945,4360.275
2025-12-30T00:00:00+09:00,4360.38,4360.61,4328.315,4343.27
2025-12-30T00:15:00+09:00,4343.225,4343.29,4302.11,4319.615
2025-12-30T00:30:00+09:00,4319.305,4337.1,4316.85,4331.6
2025-12-30T00:45:00+09:00,4331.61,4339.975,4322.46,4325.455
2025-12-30T01:00:00+09:00,4325.42,4342.805,4323.575,4334.2
2025-12-30T01:15:00+09:00,4334.195,4337.79,4324.41,4334.425
2025-12-30T01:30:00+09:00,4334.33,4342.635,4329.025,4335.07
2025-12-30T01:45:00+09:00,4335.055,4347.435,4334.67,4341.59
2025-12-30T02:00:00+09:00,4341.73,4343.34,4325.69,4330.21
2025-12-30T02:15:00+09:00,4330.135,4333.805,4322.81,4329.37
2025-12-30T02:30:00+09:00,4329.395,4330.09,4315.015,4320.07
2025-12-30T02:45:00+09:00,4320.04,4329.565,4319.845,4328.255
2025-12-30T03:00:00+09:00,4328.35,4333.495,4325.875,4329.755
2025-12-30T03:15:00+09:00,4329.895,4334.86,4322.83,4327.95
2025-12-30T03:30:00+09:00,4327.925,4334.22,4326.23,4330.275
2025-12-30T03:45:00+09:00,4330.31,4332.325,4328.19,4331.38
2025-12-30T04:00:00+09:00,4331.39,4335.675,4327.615,4335.39
2025-12-30T04:15:00+09:00,4335.395,4336.58,4328.58,4330.575
2025-12-30T04:30:00+09:00,4330.82,4335.705,4330.24,4332.285
2025-12-30T04:45:00+09:00,4332.43,4337.9,4331.02,4336.925
2025-12-30T05:00:00+09:00,4336.88,4344.695,4336.585,4342.335
2025-12-30T05:15:00+09:00,4342.4,4342.835,4337.06,4340.89
2025-12-30T05:30:00+09:00,4340.885,4341.565,4325.735,4333.525
2025-12-30T05:45:00+09:00,4333.51,4335.905,4329.035,4334.76
2025-12-30T06:00:00+09:00,4334.97,4339.64,4328.495,4336.325
2025-12-30T06:15:00+09:00,4336.32,4338.185,4330.875,4331.765
2025-12-30T06:30:00+09:00,4331.755,4332.735,4327.765,4329.98
2025-12-30T06:45:00+09:00,4329.97,4333.15,4329.72,4332.56
2025-12-30T08:00:00+09:00,4341.72,4347.59,4340.02,4340.88
2025-12-30T08:15:00+09:00,4340.855,4341.045,4323.42,4334.065
2025-12-30T08:30:00+09:00,4334.09,4337.515,4331.205,4337.215
2025-12-30T08:45:00+09:00,4337.035,4347.235,4336.46,4345.945
2025-12-30T09:00:00+09:00,4345.945,4347.665,4338.26,4346.95
2025-12-30T09:15:00+09:00,4346.885,4350.855,4343.78,4349.265
2025-12-30T09:30:00+09:00,4349.405,4349.405,4339.745,4340.64
2025-12-30T09:45:00+09:00,4340.75,4342.865,4334.62,4339.995
2025-12-30T10:00:00+09:00,4339.975,4340.26,4324.65,4335.12
2025-12-30T10:15:00+09:00,4335.105,4343.39,4334.965,4336.71
2025-12-30T10:30:00+09:00,4336.705,4349.715,4331.935,4347.095
2025-12-30T10:45:00+09:00,4347.105,4360.405,4346.61,4360.37
2025-12-30T11:00:00+09:00,4360.36,4362.165,4351.85,4355.405
2025-12-30T11:15:00+09:00,4355.41,4358.05,4352.48,4354.86
2025-12-30T11:30:00+09:00,4354.915,4357.11,4348.805,4354.45
2025-12-30T11:45:00+09:00,4354.435,4364.93,4354.38,4362.75
2025-12-30T12:00:00+09:00,4362.73,4365.415,4357.205,4360.935
2025-12-30T12:15:00+09:00,4360.925,4369.19,4358.93,4368.16
2025-12-30T12:30:00+09:00,4368.195,4368.995,4361.185,4363.485
2025-12-30T12:45:00+09:00,4363.5,4364.99,4356.41,4359.305
2025-12-30T13:00:00+09:00,4359.265,4362.42,4357.635,4361.495
2025-12-30T13:15:00+09:00,4361.47,4365.89,4360.665,4363.255
2025-12-30T13:30:00+09:00,4363.25,4370.125,4362.34,4366.98
2025-12-30T13:45:00+09:00,4366.96,4367.325,4362.355,4363.595
2025-12-30T14:00:00+09:00,4363.735,4364.98,4358.925,4364.16
2025-12-30T14:15:00+09:00,4364.18,4376.445,4362.535,4372.465
2025-12-30T14:30:00+09:00,4372.41,4380.23,4372.11,4374.95
2025-12-30T14:45:00+09:00,4374.925,4379.795,4372.77,4377.585
2025-12-30T15:00:00+09:00,4377.535,4378.56,4372.7,4373.29
2025-12-30T15:15:00+09:00,4373.355,4374.015,4364.11,4366.505
2025-12-30T15:30:00+09:00,4366.51,4369.945,4360.295,4362.005
2025-12-30T15:45:00+09:00,4362,4366.635,4360.055,4364.665
2025-12-30T16:00:00+09:00,4364.685,4369.01,4359.085,4368.98
2025-12-30T16:15:00+09:00,4368.975,4372.58,4365.855,4368.335
2025-12-30T16:30:00+09:00,4368.34,4377.22,4368.255,4377.11
2025-12-30T16:45:00+09:00,4377.09,4383.445,4370.215,4372.42
2025-12-30T17:00:00+09:00,4372.51,4373.875,4363.65,4370.505
2025-12-30T17:15:00+09:00,4370.49,4371.54,4352.01,4353.665
2025-12-30T17:30:00+09:00,4353.7,4360.655,4350.49,4359.37
2025-12-30T17:45:00+09:00,4359.38,4366.485,4354.405,4365.085
2025-12-30T18:00:00+09:00,4365.045,4373.965,4364.3,4373.255
2025-12-30T18:15:00+09:00,4373.23,4376.785,4367.98,4368.595
2025-12-30T18:30:00+09:00,4368.59,4371.93,4367.47,4368.505
2025-12-30T18:45:00+09:00,4368.545,4374.13,4367.705,4372.345
2025-12-30T19:00:00+09:00,4372.28,4376.475,4368.01,4376.07
2025-12-30T19:15:00+09:00,4376.105,4383.035,4374.905,4382.425
2025-12-30T19:30:00+09:00,4382.365,4391.91,4381.955,4382.735
2025-12-30T19:45:00+09:00,4382.7,4385.69,4378.73,4384.88
2025-12-30T20:00:00+09:00,4385.13,4390.535,4385.13,4387.135
2025-12-30T20:15:00+09:00,4387.18,4389.84,4385.94,4389.12
2025-12-30T20:30:00+09:00,4389.135,4389.585,4383.84,4384.92
2025-12-30T20:45:00+09:00,4384.925,4385.465,4381.365,4384.38
2025-12-30T21:00:00+09:00,4384.405,4397.49,4383.5,4396.21
2025-12-30T21:15:00+09:00,4396.275,4399.505,4391.6,4393.755
2025-12-30T21:30:00+09:00,4393.73,4402.85,4393.005,4399.715
2025-12-30T21:45:00+09:00,4399.73,4402.12,4396.47,4401.24
2025-12-30T22:00:00+09:00,4401.265,4404.375,4397.27,4399.38
2025-12-30T22:15:00+09:00,4399.46,4399.46,4390.115,4393.755
2025-12-30T22:30:00+09:00,4393.815,4393.865,4376.27,4379.325
2025-12-30T22:45:00+09:00,4379.35,4389.7,4376.335,4388.55
2025-12-30T23:00:00+09:00,4388.565,4390.835,4382.64,4386.045
2025-12-30T23:15:00+09:00,4386.04,4391.415,4381.06,4390.755
2025-12-30T23:30:00+09:00,4390.765,4392.34,4364.535,4371.33
2025-12-30T23:45:00+09:00,4371.425,4372.52,4355.865,4366.11
2025-12-31T00:00:00+09:00,4366.095,4373.19,4360.975,4369.22
2025-12-31T00:15:00+09:00,4369.27,4377.54,4365.025,4366.415
2025-12-31T00:30:00+09:00,4366.45,4374.78,4359.665,4362.625
2025-12-31T00:45:00+09:00,4362.64,4371.16,4361.26,4365.52
2025-12-31T01:00:00+09:00,4365.485,4365.655,4355.145,4358.68
2025-12-31T01:15:00+09:00,4358.73,4371.825,4357.815,4369.135
2025-12-31T01:30:00+09:00,4369.18,4369.23,4362.335,4367.265
2025-12-31T01:45:00+09:00,4367.23,4379.955,4366.36,4377.78
2025-12-31T02:00:00+09:00,4377.745,4382.125,4373.54,4373.595
2025-12-31T02:15:00+09:00,4373.54,4376.95,4368.58,4375.075
2025-12-31T02:30:00+09:00,4375.1,4376.43,4364.85,4368.545
2025-12-31T02:45:00+09:00,4368.64,4370.885,4364.27,4370.32
2025-12-31T03:00:00+09:00,4370.325,4378.865,4368.98,4371.285
2025-12-31T03:15:00+09:00,4371.3,4372.48,4366.255,4371.18
2025-12-31T03:30:00+09:00,4371.2,4371.39,4362.735,4366.13
2025-12-31T03:45:00+09:00,4366.145,4367.625,4363.175,4364.84
2025-12-31T04:00:00+09:00,4364.845,4368.07,4363.53,4366.77
2025-12-31T04:15:00+09:00,4366.83,4367.96,4364.17,4366.195
2025-12-31T04:30:00+09:00,4366.21,4366.73,4360.165,4362.815
2025-12-31T04:45:00+09:00,4362.825,4363.05,4337.29,4348.82
2025-12-31T05:00:00+09:00,4348.87,4350.46,4338.36,4348.395
2025-12-31T05:15:00+09:00,4348.405,4353.1,4346.295,4350.595
2025-12-31T05:30:00+09:00,4350.565,4355.69,4346.14,4349.075
2025-12-31T05:45:00+09:00,4349.13,4351.985,4337.955,4341.83
2025-12-31T06:00:00+09:00,4342.01,4350.665,4341.01,4348.605
2025-12-31T06:15:00+09:00,4348.6,4349.175,4346.615,4346.665
2025-12-31T06:30:00+09:00,4346.71,4349.615,4346.37,4348.915
2025-12-31T06:45:00+09:00,4348.825,4349.585,4334.8,4339.395
2025-12-31T08:00:00+09:00,4341.77,4346.755,4340.4,4346.11
2025-12-31T08:15:00+09:00,4346.115,4346.19,4332.38,4334.285
2025-12-31T08:30:00+09:00,4334.28,4343.05,4328.125,4339.715
2025-12-31T08:45:00+09:00,4339.575,4339.775,4333.38,4339.12
2025-12-31T09:00:00+09:00,4339.07,4344.175,4338.985,4341.715
2025-12-31T09:15:00+09:00,4341.56,4343.265,4332.985,4336.855
2025-12-31T09:30:00+09:00,4336.825,4346.63,4332.765,4342.66
2025-12-31T09:45:00+09:00,4342.72,4344.235,4336.47,4342.515
2025-12-31T10:00:00+09:00,4342.5,4356.095,4336.85,4353.505
2025-12-31T10:15:00+09:00,4353.48,4360.82,4349.445,4354.835
2025-12-31T10:30:00+09:00,4354.725,4370.175,4354.415,4369.045
2025-12-31T10:45:00+09:00,4369.13,4373.59,4365.43,4365.995
2025-12-31T11:00:00+09:00,4365.955,4371.425,4361.2,4362.145
2025-12-31T11:15:00+09:00,4362.15,4364.23,4357.765,4361.315
2025-12-31T11:30:00+09:00,4361.49,4371.33,4357.82,4370.455
2025-12-31T11:45:00+09:00,4370.44,4370.94,4346.635,4348.905
2025-12-31T12:00:00+09:00,4348.95,4359.86,4343.62,4359.525
2025-12-31T12:15:00+09:00,4359.545,4359.91,4341.075,4348.675
2025-12-31T12:30:00+09:00,4348.645,4353.95,4346.37,4352.04
2025-12-31T12:45:00+09:00,4352.06,4352.675,4345.57,4348.66
2025-12-31T13:00:00+09:00,4348.685,4351.375,4344.92,4348.435
2025-12-31T13:15:00+09:00,4348.43,4348.69,4342.41,4346.445
2025-12-31T13:30:00+09:00,4346.435,4348.37,4342.66,4343.285
2025-12-31T13:45:00+09:00,4343.31,4346.335,4330.69,4332.865
2025-12-31T14:00:00+09:00,4332.865,4334.84,4329.295,4334.785
2025-12-31T14:15:00+09:00,4334.715,4343.155,4332.95,4342.645
2025-12-31T14:30:00+09:00,4342.69,4343.22,4316.545,4324.995
2025-12-31T14:45:00+09:00,4324.945,4327.77,4276.685,4285.815
2025-12-31T15:00:00+09:00,4286.105,4301.495,4274.025,4299.26
2025-12-31T15:15:00+09:00,4299.295,4309.28,4292.355,4307.86
2025-12-31T15:30:00+09:00,4307.73,4317.65,4304.98,4314.49
2025-12-31T15:45:00+09:00,4314.485,4329.415,4312.12,4328.065
2025-12-31T16:00:00+09:00,4328.135,4332.47,4323.755,4330.76
2025-12-31T16:15:00+09:00,4330.75,4335.23,4329.055,4333.04
2025-12-31T16:30:00+09:00,4333.075,4334.865,4330.475,4332.1
2025-12-31T16:45:00+09:00,4332.115,4332.72,4326.785,4331.12
2025-12-31T17:00:00+09:00,4331.16,4333.105,4320.285,4323.03
2025-12-31T17:15:00+09:00,4323.06,4327.665,4322.11,4326.11
2025-12-31T17:30:00+09:00,4326.09,4326.51,4317.06,4317.225
2025-12-31T17:45:00+09:00,4317.235,4317.89,4303.325,4307.74
2025-12-31T18:00:00+09:00,4307.71,4318.265,4307.325,4317.135
2025-12-31T18:15:00+09:00,4317.11,4327.715,4310.965,4324
2025-12-31T18:30:00+09:00,4323.935,4337.48,4323.605,4336.125
2025-12-31T18:45:00+09:00,4336.11,4337.345,4325.25,4325.66
2025-12-31T19:00:00+09:00,4325.675,4331.455,4324.63,4327.145
2025-12-31T19:15:00+09:00,4327.01,4330.38,4319.685,4319.895
2025-12-31T19:30:00+09:00,4319.88,4319.88,4305.1,4307.245
2025-12-31T19:45:00+09:00,4307.235,4311.265,4303.42,4306.705
2025-12-31T20:00:00+09:00,4306.605,4315.35,4304.215,4313.915
2025-12-31T20:15:00+09:00,4313.955,4316.07,4309.945,4311.545
2025-12-31T20:30:00+09:00,4311.52,4313.965,4307.935,4312.92
2025-12-31T20:45:00+09:00,4312.91,4316.735,4309.66,4311.26
2025-12-31T21:00:00+09:00,4311.2,4312.845,4305.685,4309.18
2025-12-31T21:15:00+09:00,4309.185,4310.955,4303.255,4307.14
2025-12-31T21:30:00+09:00,4307.2,4318.35,4306.75,4317.37
2025-12-31T21:45:00+09:00,4317.365,4317.515,4310.9,4313.99
2025-12-31T22:00:00+09:00,4313.995,4317.125,4308.205,4311.73
2025-12-31T22:15:00+09:00,4311.755,4329.575,4311.46,4328.86
2025-12-31T22:30:00+09:00,4328.545,4335.01,4325.86,4332.975
2025-12-31T22:45:00+09:00,4332.98,4348.395,4332.065,4346.105
2025-12-31T23:00:00+09:00,4345.995,4348.74,4334.735,4340.32
2025-12-31T23:15:00+09:00,4340.305,4344.965,4332.865,4337.17
2025-12-31T23:30:00+09:00,4337.12,4349.06,4332.825,4344.17
2025-12-31T23:45:00+09:00,4344.19,4353.445,4342.555,4346.03
2026-01-01T00:00:00+09:00,4345.97,4346.285,4329.43,4331.885
2026-01-01T00:15:00+09:00,4331.84,4338.82,4327.005,4337.28
2026-01-01T00:30:00+09:00,4337.355,4341.565,4328.925,4331.145
2026-01-01T00:45:00+09:00,4331.095,4338.22,4327.285,4337.61
2026-01-01T01:00:00+09:00,4337.675,4339.95,4321.9,4324.19
2026-01-01T01:15:00+09:00,4324.16,4329.9,4321.89,4325.565
2026-01-01T01:30:00+09:00,4325.6,4329.855,4319.195,4319.93
2026-01-01T01:45:00+09:00,4319.925,4324.9,4317.235,4323.16
2026-01-01T02:00:00+09:00,4323.175,4328.525,4320.77,4323.745
2026-01-01T02:15:00+09:00,4323.775,4325.055,4318.33,4320.875
2026-01-01T02:30:00+09:00,4320.845,4329.715,4319.2,4325.695
2026-01-01T02:45:00+09:00,4325.68,4327.22,4320.23,4322.085
2026-01-01T03:00:00+09:00,4322.005,4328.025,4321.865,4327.755
2026-01-01T03:15:00+09:00,4327.79,4331.78,4323.9,4328.635
2026-01-01T03:30:00+09:00,4328.61,4329.13,4318.755,4322.11
2026-01-01T03:45:00+09:00,4322.14,4322.225,4315.91,4319.815
2026-01-01T04:00:00+09:00,4319.975,4323.08,4315.85,4317.995
2026-01-01T04:15:00+09:00,4318,4320.055,4316.785,4317.74
2026-01-01T04:30:00+09:00,4317.765,4318.155,4307.94,4311.07
2026-01-01T04:45:00+09:00,4311.04,4314.365,4308.845,4311.55
2026-01-01T05:00:00+09:00,4311.56,4315.76,4304.645,4315.115
2026-01-01T05:15:00+09:00,4315.12,4319.2,4313.075,4315.06
2026-01-01T05:30:00+09:00,4315.04,4324.915,4314.585,4321.395
2026-01-01T05:45:00+09:00,4321.41,4322.025,4307.15,4313.575
2026-01-01T06:00:00+09:00,4313.67,4314.95,4310.795,4313.315
2026-01-01T06:15:00+09:00,4313.335,4313.34,4307.465,4310.285
2026-01-01T06:30:00+09:00,4310.265,4316.805,4309.725,4315.085
2026-01-01T06:45:00+09:00,4315.095,4322.61,4314.13,4322.61
2026-01-02T08:00:00+09:00,4326.405,4335.725,4326.285,4331.315
2026-01-02T08:15:00+09:00,4331.215,4343.405,4328.38,4341.08
2026-01-02T08:30:00+09:00,4341.165,4345.925,4338.755,4345.295
2026-01-02T08:45:00+09:00,4345.345,4351.665,4342.06,4348.26
2026-01-02T09:00:00+09:00,4348.245,4353.52,4344.375,4348.28
2026-01-02T09:15:00+09:00,4348.15,4349.7,4341.61,4347.295
2026-01-02T09:30:00+09:00,4347.335,4350.925,4346.58,4349.68
2026-01-02T09:45:00+09:00,4349.66,4355.885,4349.655,4354.055
2026-01-02T10:00:00+09:00,4354,4355.825,4345.55,4346.895
2026-01-02T10:15:00+09:00,4347.01,4350.135,4344.68,4349.19
2026-01-02T10:30:00+09:00,4349.17,4351.485,4345.71,4346.695
2026-01-02T10:45:00+09:00,4346.635,4354.755,4346.155,4348.095
2026-01-02T11:00:00+09:00,4348.105,4352.29,4345.88,4347.165
2026-01-02T11:15:00+09:00,4347.28,4348.695,4345.32,4348.105
2026-01-02T11:30:00+09:00,4348.15,4353.44,4346.005,4351.515
2026-01-02T11:45:00+09:00,4351.5,4363.33,4351.22,4362.955
2026-01-02T12:00:00+09:00,4362.93,4372.055,4362.195,4369.3
2026-01-02T12:15:00+09:00,4369.28,4371.2,4365.845,4369.265
2026-01-02T12:30:00+09:00,4369.275,4375.025,4368.03,4373.885
2026-01-02T12:45:00+09:00,4373.91,4375.78,4372.23,4375.125
2026-01-02T13:00:00+09:00,4375.145,4378.665,4373.925,4374.985
2026-01-02T13:15:00+09:00,4374.98,4376.175,4371.605,4373.915
2026-01-02T13:30:00+09:00,4373.885,4375.58,4371.795,4375.435
2026-01-02T13:45:00+09:00,4375.425,4375.97,4371.285,4373.16
2026-01-02T14:00:00+09:00,4373.17,4380.225,4371.11,4377.725
2026-01-02T14:15:00+09:00,4377.74,4380.16,4375.415,4378.675
2026-01-02T14:30:00+09:00,4378.6,4379.94,4377.915,4378.915
2026-01-02T14:45:00+09:00,4378.91,4381.975,4378.355,4380.66
2026-01-02T15:00:00+09:00,4380.69,4380.88,4373.92,4375.255
2026-01-02T15:15:00+09:00,4375.23,4380.385,4373.67,4380.135
2026-01-02T15:30:00+09:00,4379.975,4380.105,4374.32,4374.32
2026-01-02T15:45:00+09:00,4374.29,4376.4,4373.325,4374.965
2026-01-02T16:00:00+09:00,4374.945,4378.18,4372.485,4377.5
2026-01-02T16:15:00+09:00,4377.495,4377.61,4372.05,4373.915
2026-01-02T16:30:00+09:00,4373.99,4380.915,4372.345,4375.98
2026-01-02T16:45:00+09:00,4375.955,4383.58,4375.465,4383.015
2026-01-02T17:00:00+09:00,4382.99,4386.71,4380.935,4385.17
2026-01-02T17:15:00+09:00,4385.115,4385.815,4381.74,4385.405
2026-01-02T17:30:00+09:00,4385.43,4390.755,4384.27,4390.675
2026-01-02T17:45:00+09:00,4390.665,4397.835,4386.75,4386.98
2026-01-02T18:00:00+09:00,4386.99,4391.25,4386.105,4390.18
2026-01-02T18:15:00+09:00,4390.17,4391.715,4383.405,4388.925
2026-01-02T18:30:00+09:00,4388.94,4390.065,4386.965,4388.895
2026-01-02T18:45:00+09:00,4389.01,4389.67,4385.03,4385.56
2026-01-02T19:00:00+09:00,4385.59,4388.635,4384.7,4388.235
2026-01-02T19:15:00+09:00,4388.23,4390.04,4385.755,4386.44
2026-01-02T19:30:00+09:00,4386.545,4396.785,4384.745,4393.9
2026-01-02T19:45:00+09:00,4393.89,4398.615,4393.855,4396.24
2026-01-02T20:00:00+09:00,4396.25,4397.96,4394.04,4395.22
2026-01-02T20:15:00+09:00,4395.215,4399.39,4394.315,4394.465
2026-01-02T20:30:00+09:00,4394.455,4395.815,4391.815,4395.145
2026-01-02T20:45:00+09:00,4395.14,4395.62,4390.83,4393.065
2026-01-02T21:00:00+09:00,4393.05,4397.415,4391.185,4395.395
2026-01-02T21:15:00+09:00,4395.385,4398.44,4393.18,4393.55
2026-01-02T21:30:00+09:00,4393.48,4394.775,4385.25,4388.14
2026-01-02T21:45:00+09:00,4388.175,4394.86,4385.54,4394.52
2026-01-02T22:00:00+09:00,4394.585,4401.32,4392.72,4399.705
2026-01-02T22:15:00+09:00,4399.72,4402.295,4373.28,4374.605
2026-01-02T22:30:00+09:00,4374.61,4377.625,4365.95,4372.765
2026-01-02T22:45:00+09:00,4372.705,4377.855,4362.165,4366.255
2026-01-02T23:00:00+09:00,4366.27,4372.955,4364.72,4370.27
2026-01-02T23:15:00+09:00,4370.28,4373.91,4366.99,4368.635
2026-01-02T23:30:00+09:00,4368.615,4370.61,4348.105,4356.74
2026-01-02T23:45:00+09:00,4356.705,4363.49,4352.49,4353.74
2026-01-03T00:00:00+09:00,4353.75,4357.455,4333.945,4340.95
2026-01-03T00:15:00+09:00,4340.945,4342.98,4330.475,4336.785
2026-01-03T00:30:00+09:00,4336.855,4346.95,4331.7,4346.195
2026-01-03T00:45:00+09:00,4346.19,4347.34,4333.775,4335.395
2026-01-03T01:00:00+09:00,4335.545,4335.73,4320.475,4322.725
2026-01-03T01:15:00+09:00,4322.74,4325.295,4315.195,4321.885
2026-01-03T01:30:00+09:00,4321.805,4328.24,4315.21,4325.865
2026-01-03T01:45:00+09:00,4325.86,4328.4,4321.505,4326.58
2026-01-03T02:00:00+09:00,4326.535,4333.415,4324.925,4330.34
2026-01-03T02:15:00+09:00,4330.315,4333.24,4324.19,4328.94
2026-01-03T02:30:00+09:00,4328.935,4331.42,4323.41,4326.615
2026-01-03T02:45:00+09:00,4326.545,4328.335,4322.88,4323.245
2026-01-03T03:00:00+09:00,4323.085,4323.83,4312.465,4314.645
2026-01-03T03:15:00+09:00,4314.75,4321.77,4310.915,4318.755
2026-01-03T03:30:00+09:00,4318.995,4319.81,4314.8,4316.995